--
-- PostgreSQL database dump
--

-- Dumped from database version 14.5 (Debian 14.5-1.pgdg110+1)
-- Dumped by pg_dump version 14.5 (Debian 14.5-1.pgdg110+1)

SET statement_timeout = 0;
SET lock_timeout = 0;
SET idle_in_transaction_session_timeout = 0;
SET client_encoding = 'UTF8';
SET standard_conforming_strings = on;
SELECT pg_catalog.set_config('search_path', '', false);
SET check_function_bodies = false;
SET xmloption = content;
SET client_min_messages = warning;
SET row_security = off;

SET default_tablespace = '';

SET default_table_access_method = heap;

--
-- Name: auth_group; Type: TABLE; Schema: public; Owner: expenses_control_user
--

CREATE TABLE public.auth_group (
    id integer NOT NULL,
    name character varying(150) NOT NULL
);


ALTER TABLE public.auth_group OWNER TO expenses_control_user;

--
-- Name: auth_group_id_seq; Type: SEQUENCE; Schema: public; Owner: expenses_control_user
--

ALTER TABLE public.auth_group ALTER COLUMN id ADD GENERATED BY DEFAULT AS IDENTITY (
    SEQUENCE NAME public.auth_group_id_seq
    START WITH 1
    INCREMENT BY 1
    NO MINVALUE
    NO MAXVALUE
    CACHE 1
);


--
-- Name: auth_group_permissions; Type: TABLE; Schema: public; Owner: expenses_control_user
--

CREATE TABLE public.auth_group_permissions (
    id bigint NOT NULL,
    group_id integer NOT NULL,
    permission_id integer NOT NULL
);


ALTER TABLE public.auth_group_permissions OWNER TO expenses_control_user;

--
-- Name: auth_group_permissions_id_seq; Type: SEQUENCE; Schema: public; Owner: expenses_control_user
--

ALTER TABLE public.auth_group_permissions ALTER COLUMN id ADD GENERATED BY DEFAULT AS IDENTITY (
    SEQUENCE NAME public.auth_group_permissions_id_seq
    START WITH 1
    INCREMENT BY 1
    NO MINVALUE
    NO MAXVALUE
    CACHE 1
);


--
-- Name: auth_permission; Type: TABLE; Schema: public; Owner: expenses_control_user
--

CREATE TABLE public.auth_permission (
    id integer NOT NULL,
    name character varying(255) NOT NULL,
    content_type_id integer NOT NULL,
    codename character varying(100) NOT NULL
);


ALTER TABLE public.auth_permission OWNER TO expenses_control_user;

--
-- Name: auth_permission_id_seq; Type: SEQUENCE; Schema: public; Owner: expenses_control_user
--

ALTER TABLE public.auth_permission ALTER COLUMN id ADD GENERATED BY DEFAULT AS IDENTITY (
    SEQUENCE NAME public.auth_permission_id_seq
    START WITH 1
    INCREMENT BY 1
    NO MINVALUE
    NO MAXVALUE
    CACHE 1
);


--
-- Name: authtoken_token; Type: TABLE; Schema: public; Owner: expenses_control_user
--

CREATE TABLE public.authtoken_token (
    key character varying(40) NOT NULL,
    created timestamp with time zone NOT NULL,
    user_id bigint NOT NULL
);


ALTER TABLE public.authtoken_token OWNER TO expenses_control_user;

--
-- Name: django_admin_log; Type: TABLE; Schema: public; Owner: expenses_control_user
--

CREATE TABLE public.django_admin_log (
    id integer NOT NULL,
    action_time timestamp with time zone NOT NULL,
    object_id text,
    object_repr character varying(200) NOT NULL,
    action_flag smallint NOT NULL,
    change_message text NOT NULL,
    content_type_id integer,
    user_id bigint NOT NULL,
    CONSTRAINT django_admin_log_action_flag_check CHECK ((action_flag >= 0))
);


ALTER TABLE public.django_admin_log OWNER TO expenses_control_user;

--
-- Name: django_admin_log_id_seq; Type: SEQUENCE; Schema: public; Owner: expenses_control_user
--

ALTER TABLE public.django_admin_log ALTER COLUMN id ADD GENERATED BY DEFAULT AS IDENTITY (
    SEQUENCE NAME public.django_admin_log_id_seq
    START WITH 1
    INCREMENT BY 1
    NO MINVALUE
    NO MAXVALUE
    CACHE 1
);


--
-- Name: django_content_type; Type: TABLE; Schema: public; Owner: expenses_control_user
--

CREATE TABLE public.django_content_type (
    id integer NOT NULL,
    app_label character varying(100) NOT NULL,
    model character varying(100) NOT NULL
);


ALTER TABLE public.django_content_type OWNER TO expenses_control_user;

--
-- Name: django_content_type_id_seq; Type: SEQUENCE; Schema: public; Owner: expenses_control_user
--

ALTER TABLE public.django_content_type ALTER COLUMN id ADD GENERATED BY DEFAULT AS IDENTITY (
    SEQUENCE NAME public.django_content_type_id_seq
    START WITH 1
    INCREMENT BY 1
    NO MINVALUE
    NO MAXVALUE
    CACHE 1
);


--
-- Name: django_migrations; Type: TABLE; Schema: public; Owner: expenses_control_user
--

CREATE TABLE public.django_migrations (
    id bigint NOT NULL,
    app character varying(255) NOT NULL,
    name character varying(255) NOT NULL,
    applied timestamp with time zone NOT NULL
);


ALTER TABLE public.django_migrations OWNER TO expenses_control_user;

--
-- Name: django_migrations_id_seq; Type: SEQUENCE; Schema: public; Owner: expenses_control_user
--

ALTER TABLE public.django_migrations ALTER COLUMN id ADD GENERATED BY DEFAULT AS IDENTITY (
    SEQUENCE NAME public.django_migrations_id_seq
    START WITH 1
    INCREMENT BY 1
    NO MINVALUE
    NO MAXVALUE
    CACHE 1
);


--
-- Name: django_session; Type: TABLE; Schema: public; Owner: expenses_control_user
--

CREATE TABLE public.django_session (
    session_key character varying(40) NOT NULL,
    session_data text NOT NULL,
    expire_date timestamp with time zone NOT NULL
);


ALTER TABLE public.django_session OWNER TO expenses_control_user;

--
-- Name: expenses_expenses; Type: TABLE; Schema: public; Owner: expenses_control_user
--

CREATE TABLE public.expenses_expenses (
    id bigint NOT NULL,
    date_time timestamp with time zone NOT NULL,
    cost double precision NOT NULL,
    item_id bigint NOT NULL,
    user_id bigint NOT NULL
);


ALTER TABLE public.expenses_expenses OWNER TO expenses_control_user;

--
-- Name: expenses_expenses_id_seq; Type: SEQUENCE; Schema: public; Owner: expenses_control_user
--

ALTER TABLE public.expenses_expenses ALTER COLUMN id ADD GENERATED BY DEFAULT AS IDENTITY (
    SEQUENCE NAME public.expenses_expenses_id_seq
    START WITH 1
    INCREMENT BY 1
    NO MINVALUE
    NO MAXVALUE
    CACHE 1
);


--
-- Name: item_item; Type: TABLE; Schema: public; Owner: expenses_control_user
--

CREATE TABLE public.item_item (
    id bigint NOT NULL,
    name character varying(200) NOT NULL,
    user_id bigint NOT NULL
);


ALTER TABLE public.item_item OWNER TO expenses_control_user;

--
-- Name: item_item_id_seq; Type: SEQUENCE; Schema: public; Owner: expenses_control_user
--

ALTER TABLE public.item_item ALTER COLUMN id ADD GENERATED BY DEFAULT AS IDENTITY (
    SEQUENCE NAME public.item_item_id_seq
    START WITH 1
    INCREMENT BY 1
    NO MINVALUE
    NO MAXVALUE
    CACHE 1
);


--
-- Name: user_user; Type: TABLE; Schema: public; Owner: expenses_control_user
--

CREATE TABLE public.user_user (
    id bigint NOT NULL,
    password character varying(128) NOT NULL,
    last_login timestamp with time zone,
    is_superuser boolean NOT NULL,
    username character varying(150) NOT NULL,
    first_name character varying(150) NOT NULL,
    last_name character varying(150) NOT NULL,
    email character varying(254) NOT NULL,
    is_staff boolean NOT NULL,
    is_active boolean NOT NULL,
    date_joined timestamp with time zone NOT NULL
);


ALTER TABLE public.user_user OWNER TO expenses_control_user;

--
-- Name: user_user_groups; Type: TABLE; Schema: public; Owner: expenses_control_user
--

CREATE TABLE public.user_user_groups (
    id bigint NOT NULL,
    user_id bigint NOT NULL,
    group_id integer NOT NULL
);


ALTER TABLE public.user_user_groups OWNER TO expenses_control_user;

--
-- Name: user_user_groups_id_seq; Type: SEQUENCE; Schema: public; Owner: expenses_control_user
--

ALTER TABLE public.user_user_groups ALTER COLUMN id ADD GENERATED BY DEFAULT AS IDENTITY (
    SEQUENCE NAME public.user_user_groups_id_seq
    START WITH 1
    INCREMENT BY 1
    NO MINVALUE
    NO MAXVALUE
    CACHE 1
);


--
-- Name: user_user_id_seq; Type: SEQUENCE; Schema: public; Owner: expenses_control_user
--

ALTER TABLE public.user_user ALTER COLUMN id ADD GENERATED BY DEFAULT AS IDENTITY (
    SEQUENCE NAME public.user_user_id_seq
    START WITH 1
    INCREMENT BY 1
    NO MINVALUE
    NO MAXVALUE
    CACHE 1
);


--
-- Name: user_user_user_permissions; Type: TABLE; Schema: public; Owner: expenses_control_user
--

CREATE TABLE public.user_user_user_permissions (
    id bigint NOT NULL,
    user_id bigint NOT NULL,
    permission_id integer NOT NULL
);


ALTER TABLE public.user_user_user_permissions OWNER TO expenses_control_user;

--
-- Name: user_user_user_permissions_id_seq; Type: SEQUENCE; Schema: public; Owner: expenses_control_user
--

ALTER TABLE public.user_user_user_permissions ALTER COLUMN id ADD GENERATED BY DEFAULT AS IDENTITY (
    SEQUENCE NAME public.user_user_user_permissions_id_seq
    START WITH 1
    INCREMENT BY 1
    NO MINVALUE
    NO MAXVALUE
    CACHE 1
);


--
-- Data for Name: auth_group; Type: TABLE DATA; Schema: public; Owner: expenses_control_user
--

COPY public.auth_group (id, name) FROM stdin;
\.


--
-- Data for Name: auth_group_permissions; Type: TABLE DATA; Schema: public; Owner: expenses_control_user
--

COPY public.auth_group_permissions (id, group_id, permission_id) FROM stdin;
\.


--
-- Data for Name: auth_permission; Type: TABLE DATA; Schema: public; Owner: expenses_control_user
--

COPY public.auth_permission (id, name, content_type_id, codename) FROM stdin;
1	Can add log entry	1	add_logentry
2	Can change log entry	1	change_logentry
3	Can delete log entry	1	delete_logentry
4	Can view log entry	1	view_logentry
5	Can add permission	2	add_permission
6	Can change permission	2	change_permission
7	Can delete permission	2	delete_permission
8	Can view permission	2	view_permission
9	Can add group	3	add_group
10	Can change group	3	change_group
11	Can delete group	3	delete_group
12	Can view group	3	view_group
13	Can add content type	4	add_contenttype
14	Can change content type	4	change_contenttype
15	Can delete content type	4	delete_contenttype
16	Can view content type	4	view_contenttype
17	Can add session	5	add_session
18	Can change session	5	change_session
19	Can delete session	5	delete_session
20	Can view session	5	view_session
21	Can add user	6	add_user
22	Can change user	6	change_user
23	Can delete user	6	delete_user
24	Can view user	6	view_user
25	Can add Token	7	add_token
26	Can change Token	7	change_token
27	Can delete Token	7	delete_token
28	Can view Token	7	view_token
29	Can add token	8	add_tokenproxy
30	Can change token	8	change_tokenproxy
31	Can delete token	8	delete_tokenproxy
32	Can view token	8	view_tokenproxy
33	Can add Item	9	add_item
34	Can change Item	9	change_item
35	Can delete Item	9	delete_item
36	Can view Item	9	view_item
37	Can add Expenses	10	add_expenses
38	Can change Expenses	10	change_expenses
39	Can delete Expenses	10	delete_expenses
40	Can view Expenses	10	view_expenses
\.


--
-- Data for Name: authtoken_token; Type: TABLE DATA; Schema: public; Owner: expenses_control_user
--

COPY public.authtoken_token (key, created, user_id) FROM stdin;
09c2d917b45e6ec50e0110f42e0c189138986082	2022-10-25 06:54:59.538689+00	1
41ee4f14a82f8a8252d6a2c15e7b0ef8ccfeec53	2022-10-25 20:51:34.20372+00	2
0a220a3eeec20cbd2f7ea8c4fcf89f9f5ae1d096	2022-10-25 21:08:35.463488+00	3
56d2fa69d1dd5234d06371123fe9b18c9be645a9	2022-10-26 05:46:02.621042+00	4
\.


--
-- Data for Name: django_admin_log; Type: TABLE DATA; Schema: public; Owner: expenses_control_user
--

COPY public.django_admin_log (id, action_time, object_id, object_repr, action_flag, change_message, content_type_id, user_id) FROM stdin;
1	2022-10-25 06:54:59.539468+00	1	09c2d917b45e6ec50e0110f42e0c189138986082	1	[{"added": {}}]	8	1
2	2022-10-25 20:51:34.204655+00	2	user_1	1	[{"added": {}}]	6	1
3	2022-10-25 20:52:21.445184+00	2	user_1	2	[]	6	1
4	2022-10-25 21:08:35.464456+00	3	user_2	1	[{"added": {}}]	6	1
5	2022-10-25 21:08:45.498151+00	3	user_2	2	[]	6	1
6	2022-10-26 05:46:02.622442+00	4	manager_1	1	[{"added": {}}]	6	1
7	2022-10-26 05:46:32.077405+00	4	manager_1	2	[{"changed": {"fields": ["Staff status"]}}]	6	1
\.


--
-- Data for Name: django_content_type; Type: TABLE DATA; Schema: public; Owner: expenses_control_user
--

COPY public.django_content_type (id, app_label, model) FROM stdin;
1	admin	logentry
2	auth	permission
3	auth	group
4	contenttypes	contenttype
5	sessions	session
6	user	user
7	authtoken	token
8	authtoken	tokenproxy
9	item	item
10	expenses	expenses
\.


--
-- Data for Name: django_migrations; Type: TABLE DATA; Schema: public; Owner: expenses_control_user
--

COPY public.django_migrations (id, app, name, applied) FROM stdin;
1	contenttypes	0001_initial	2022-09-19 06:53:02.952096+00
2	contenttypes	0002_remove_content_type_name	2022-09-19 06:53:02.962284+00
3	auth	0001_initial	2022-09-19 06:53:03.00852+00
4	auth	0002_alter_permission_name_max_length	2022-09-19 06:53:03.01557+00
5	auth	0003_alter_user_email_max_length	2022-09-19 06:53:03.022775+00
6	auth	0004_alter_user_username_opts	2022-09-19 06:53:03.030433+00
7	auth	0005_alter_user_last_login_null	2022-09-19 06:53:03.038328+00
8	auth	0006_require_contenttypes_0002	2022-09-19 06:53:03.040874+00
9	auth	0007_alter_validators_add_error_messages	2022-09-19 06:53:03.047736+00
10	auth	0008_alter_user_username_max_length	2022-09-19 06:53:03.056704+00
11	auth	0009_alter_user_last_name_max_length	2022-09-19 06:53:03.064271+00
12	auth	0010_alter_group_name_max_length	2022-09-19 06:53:03.072296+00
13	auth	0011_update_proxy_permissions	2022-09-19 06:53:03.081634+00
14	auth	0012_alter_user_first_name_max_length	2022-09-19 06:53:03.090833+00
15	user	0001_initial	2022-09-19 06:53:03.146902+00
16	admin	0001_initial	2022-09-19 06:53:03.171146+00
17	admin	0002_logentry_remove_auto_add	2022-09-19 06:53:03.179254+00
18	admin	0003_logentry_add_action_flag_choices	2022-09-19 06:53:03.187062+00
19	sessions	0001_initial	2022-09-19 06:53:03.200417+00
20	authtoken	0001_initial	2022-10-25 06:53:39.048551+00
21	authtoken	0002_auto_20160226_1747	2022-10-25 06:53:39.090504+00
22	authtoken	0003_tokenproxy	2022-10-25 06:53:39.096601+00
23	item	0001_initial	2022-10-25 06:53:39.141213+00
24	expenses	0001_initial	2022-10-25 06:53:39.176352+00
25	user	0002_alter_user_options	2022-10-25 06:53:39.190124+00
26	user	0003_alter_user_options	2022-10-25 06:53:39.20348+00
\.


--
-- Data for Name: django_session; Type: TABLE DATA; Schema: public; Owner: expenses_control_user
--

COPY public.django_session (session_key, session_data, expire_date) FROM stdin;
8eyozgdk94icjpu5ou66d90gphta3cxr	.eJxVjMsOwiAQRf-FtSHAUB4u3fsNZIBBqgaS0q6M_65NutDtPefcFwu4rTVsg5YwZ3Zmkp1-t4jpQW0H-Y7t1nnqbV3myHeFH3Twa8_0vBzu30HFUb81Gqe99t6isZjkBCiAEpBxqJ3KImayBSIISYqKmop3ZI2R2oL0KSJ7fwDWsTeu:1onDpe:UXuuCRKmznjHCh5b_cy64qX0WTTFsHP-BM_OGfjGE50	2022-11-08 06:54:38.947568+00
\.


--
-- Data for Name: expenses_expenses; Type: TABLE DATA; Schema: public; Owner: expenses_control_user
--

COPY public.expenses_expenses (id, date_time, cost, item_id, user_id) FROM stdin;
\.


--
-- Data for Name: item_item; Type: TABLE DATA; Schema: public; Owner: expenses_control_user
--

COPY public.item_item (id, name, user_id) FROM stdin;
1	apple	1
2	banana	3
5	pear	1
6	pineapple	2
7	apple	2
\.


--
-- Data for Name: user_user; Type: TABLE DATA; Schema: public; Owner: expenses_control_user
--

COPY public.user_user (id, password, last_login, is_superuser, username, first_name, last_name, email, is_staff, is_active, date_joined) FROM stdin;
1	pbkdf2_sha256$390000$XSXhIdvF6E3u8QsIej8KX6$51q84NQm0sQCYHJjB2V++9ZENPeOgAFm/h0Qvr5bCKM=	2022-10-25 06:54:38.937583+00	t	admin			admin@gmail.com	t	t	2022-09-19 06:57:49.345028+00
2	pbkdf2_sha256$390000$69gFBcJCUmVurvvFdA6mWU$Gt6M2fCYqokii2gug49fnbqE0XWhTDb2yjedXzvBYtU=	\N	f	user_1				f	t	2022-10-25 20:51:34+00
3	pbkdf2_sha256$390000$AP4xkjUYY6qJ04xXl3mKkT$TXm4RwCDNO3uhajXnPNspFpxhW/zhEliaoH58PIq6Bs=	\N	f	user_2				f	t	2022-10-25 21:08:35+00
4	pbkdf2_sha256$390000$U2xwyheF1Pe2qFfoyhQwus$v4k1RMFmjIvtFdMG6xIDEWT+9wO3LZS95vqV5beC6zM=	\N	f	manager_1				t	t	2022-10-26 05:46:02+00
\.


--
-- Data for Name: user_user_groups; Type: TABLE DATA; Schema: public; Owner: expenses_control_user
--

COPY public.user_user_groups (id, user_id, group_id) FROM stdin;
\.


--
-- Data for Name: user_user_user_permissions; Type: TABLE DATA; Schema: public; Owner: expenses_control_user
--

COPY public.user_user_user_permissions (id, user_id, permission_id) FROM stdin;
\.


--
-- Name: auth_group_id_seq; Type: SEQUENCE SET; Schema: public; Owner: expenses_control_user
--

SELECT pg_catalog.setval('public.auth_group_id_seq', 1, false);


--
-- Name: auth_group_permissions_id_seq; Type: SEQUENCE SET; Schema: public; Owner: expenses_control_user
--

SELECT pg_catalog.setval('public.auth_group_permissions_id_seq', 1, false);


--
-- Name: auth_permission_id_seq; Type: SEQUENCE SET; Schema: public; Owner: expenses_control_user
--

SELECT pg_catalog.setval('public.auth_permission_id_seq', 40, true);


--
-- Name: django_admin_log_id_seq; Type: SEQUENCE SET; Schema: public; Owner: expenses_control_user
--

SELECT pg_catalog.setval('public.django_admin_log_id_seq', 7, true);


--
-- Name: django_content_type_id_seq; Type: SEQUENCE SET; Schema: public; Owner: expenses_control_user
--

SELECT pg_catalog.setval('public.django_content_type_id_seq', 10, true);


--
-- Name: django_migrations_id_seq; Type: SEQUENCE SET; Schema: public; Owner: expenses_control_user
--

SELECT pg_catalog.setval('public.django_migrations_id_seq', 26, true);


--
-- Name: expenses_expenses_id_seq; Type: SEQUENCE SET; Schema: public; Owner: expenses_control_user
--

SELECT pg_catalog.setval('public.expenses_expenses_id_seq', 1, false);


--
-- Name: item_item_id_seq; Type: SEQUENCE SET; Schema: public; Owner: expenses_control_user
--

SELECT pg_catalog.setval('public.item_item_id_seq', 7, true);


--
-- Name: user_user_groups_id_seq; Type: SEQUENCE SET; Schema: public; Owner: expenses_control_user
--

SELECT pg_catalog.setval('public.user_user_groups_id_seq', 1, false);


--
-- Name: user_user_id_seq; Type: SEQUENCE SET; Schema: public; Owner: expenses_control_user
--

SELECT pg_catalog.setval('public.user_user_id_seq', 4, true);


--
-- Name: user_user_user_permissions_id_seq; Type: SEQUENCE SET; Schema: public; Owner: expenses_control_user
--

SELECT pg_catalog.setval('public.user_user_user_permissions_id_seq', 1, false);


--
-- Name: auth_group auth_group_name_key; Type: CONSTRAINT; Schema: public; Owner: expenses_control_user
--

ALTER TABLE ONLY public.auth_group
    ADD CONSTRAINT auth_group_name_key UNIQUE (name);


--
-- Name: auth_group_permissions auth_group_permissions_group_id_permission_id_0cd325b0_uniq; Type: CONSTRAINT; Schema: public; Owner: expenses_control_user
--

ALTER TABLE ONLY public.auth_group_permissions
    ADD CONSTRAINT auth_group_permissions_group_id_permission_id_0cd325b0_uniq UNIQUE (group_id, permission_id);


--
-- Name: auth_group_permissions auth_group_permissions_pkey; Type: CONSTRAINT; Schema: public; Owner: expenses_control_user
--

ALTER TABLE ONLY public.auth_group_permissions
    ADD CONSTRAINT auth_group_permissions_pkey PRIMARY KEY (id);


--
-- Name: auth_group auth_group_pkey; Type: CONSTRAINT; Schema: public; Owner: expenses_control_user
--

ALTER TABLE ONLY public.auth_group
    ADD CONSTRAINT auth_group_pkey PRIMARY KEY (id);


--
-- Name: auth_permission auth_permission_content_type_id_codename_01ab375a_uniq; Type: CONSTRAINT; Schema: public; Owner: expenses_control_user
--

ALTER TABLE ONLY public.auth_permission
    ADD CONSTRAINT auth_permission_content_type_id_codename_01ab375a_uniq UNIQUE (content_type_id, codename);


--
-- Name: auth_permission auth_permission_pkey; Type: CONSTRAINT; Schema: public; Owner: expenses_control_user
--

ALTER TABLE ONLY public.auth_permission
    ADD CONSTRAINT auth_permission_pkey PRIMARY KEY (id);


--
-- Name: authtoken_token authtoken_token_pkey; Type: CONSTRAINT; Schema: public; Owner: expenses_control_user
--

ALTER TABLE ONLY public.authtoken_token
    ADD CONSTRAINT authtoken_token_pkey PRIMARY KEY (key);


--
-- Name: authtoken_token authtoken_token_user_id_key; Type: CONSTRAINT; Schema: public; Owner: expenses_control_user
--

ALTER TABLE ONLY public.authtoken_token
    ADD CONSTRAINT authtoken_token_user_id_key UNIQUE (user_id);


--
-- Name: django_admin_log django_admin_log_pkey; Type: CONSTRAINT; Schema: public; Owner: expenses_control_user
--

ALTER TABLE ONLY public.django_admin_log
    ADD CONSTRAINT django_admin_log_pkey PRIMARY KEY (id);


--
-- Name: django_content_type django_content_type_app_label_model_76bd3d3b_uniq; Type: CONSTRAINT; Schema: public; Owner: expenses_control_user
--

ALTER TABLE ONLY public.django_content_type
    ADD CONSTRAINT django_content_type_app_label_model_76bd3d3b_uniq UNIQUE (app_label, model);


--
-- Name: django_content_type django_content_type_pkey; Type: CONSTRAINT; Schema: public; Owner: expenses_control_user
--

ALTER TABLE ONLY public.django_content_type
    ADD CONSTRAINT django_content_type_pkey PRIMARY KEY (id);


--
-- Name: django_migrations django_migrations_pkey; Type: CONSTRAINT; Schema: public; Owner: expenses_control_user
--

ALTER TABLE ONLY public.django_migrations
    ADD CONSTRAINT django_migrations_pkey PRIMARY KEY (id);


--
-- Name: django_session django_session_pkey; Type: CONSTRAINT; Schema: public; Owner: expenses_control_user
--

ALTER TABLE ONLY public.django_session
    ADD CONSTRAINT django_session_pkey PRIMARY KEY (session_key);


--
-- Name: expenses_expenses expenses_expenses_pkey; Type: CONSTRAINT; Schema: public; Owner: expenses_control_user
--

ALTER TABLE ONLY public.expenses_expenses
    ADD CONSTRAINT expenses_expenses_pkey PRIMARY KEY (id);


--
-- Name: item_item item_item_pkey; Type: CONSTRAINT; Schema: public; Owner: expenses_control_user
--

ALTER TABLE ONLY public.item_item
    ADD CONSTRAINT item_item_pkey PRIMARY KEY (id);


--
-- Name: user_user_groups user_user_groups_pkey; Type: CONSTRAINT; Schema: public; Owner: expenses_control_user
--

ALTER TABLE ONLY public.user_user_groups
    ADD CONSTRAINT user_user_groups_pkey PRIMARY KEY (id);


--
-- Name: user_user_groups user_user_groups_user_id_group_id_bb60391f_uniq; Type: CONSTRAINT; Schema: public; Owner: expenses_control_user
--

ALTER TABLE ONLY public.user_user_groups
    ADD CONSTRAINT user_user_groups_user_id_group_id_bb60391f_uniq UNIQUE (user_id, group_id);


--
-- Name: user_user user_user_pkey; Type: CONSTRAINT; Schema: public; Owner: expenses_control_user
--

ALTER TABLE ONLY public.user_user
    ADD CONSTRAINT user_user_pkey PRIMARY KEY (id);


--
-- Name: user_user_user_permissions user_user_user_permissions_pkey; Type: CONSTRAINT; Schema: public; Owner: expenses_control_user
--

ALTER TABLE ONLY public.user_user_user_permissions
    ADD CONSTRAINT user_user_user_permissions_pkey PRIMARY KEY (id);


--
-- Name: user_user_user_permissions user_user_user_permissions_user_id_permission_id_64f4d5b8_uniq; Type: CONSTRAINT; Schema: public; Owner: expenses_control_user
--

ALTER TABLE ONLY public.user_user_user_permissions
    ADD CONSTRAINT user_user_user_permissions_user_id_permission_id_64f4d5b8_uniq UNIQUE (user_id, permission_id);


--
-- Name: user_user user_user_username_key; Type: CONSTRAINT; Schema: public; Owner: expenses_control_user
--

ALTER TABLE ONLY public.user_user
    ADD CONSTRAINT user_user_username_key UNIQUE (username);


--
-- Name: auth_group_name_a6ea08ec_like; Type: INDEX; Schema: public; Owner: expenses_control_user
--

CREATE INDEX auth_group_name_a6ea08ec_like ON public.auth_group USING btree (name varchar_pattern_ops);


--
-- Name: auth_group_permissions_group_id_b120cbf9; Type: INDEX; Schema: public; Owner: expenses_control_user
--

CREATE INDEX auth_group_permissions_group_id_b120cbf9 ON public.auth_group_permissions USING btree (group_id);


--
-- Name: auth_group_permissions_permission_id_84c5c92e; Type: INDEX; Schema: public; Owner: expenses_control_user
--

CREATE INDEX auth_group_permissions_permission_id_84c5c92e ON public.auth_group_permissions USING btree (permission_id);


--
-- Name: auth_permission_content_type_id_2f476e4b; Type: INDEX; Schema: public; Owner: expenses_control_user
--

CREATE INDEX auth_permission_content_type_id_2f476e4b ON public.auth_permission USING btree (content_type_id);


--
-- Name: authtoken_token_key_10f0b77e_like; Type: INDEX; Schema: public; Owner: expenses_control_user
--

CREATE INDEX authtoken_token_key_10f0b77e_like ON public.authtoken_token USING btree (key varchar_pattern_ops);


--
-- Name: django_admin_log_content_type_id_c4bce8eb; Type: INDEX; Schema: public; Owner: expenses_control_user
--

CREATE INDEX django_admin_log_content_type_id_c4bce8eb ON public.django_admin_log USING btree (content_type_id);


--
-- Name: django_admin_log_user_id_c564eba6; Type: INDEX; Schema: public; Owner: expenses_control_user
--

CREATE INDEX django_admin_log_user_id_c564eba6 ON public.django_admin_log USING btree (user_id);


--
-- Name: django_session_expire_date_a5c62663; Type: INDEX; Schema: public; Owner: expenses_control_user
--

CREATE INDEX django_session_expire_date_a5c62663 ON public.django_session USING btree (expire_date);


--
-- Name: django_session_session_key_c0390e0f_like; Type: INDEX; Schema: public; Owner: expenses_control_user
--

CREATE INDEX django_session_session_key_c0390e0f_like ON public.django_session USING btree (session_key varchar_pattern_ops);


--
-- Name: expenses_expenses_item_id_b0e9ac90; Type: INDEX; Schema: public; Owner: expenses_control_user
--

CREATE INDEX expenses_expenses_item_id_b0e9ac90 ON public.expenses_expenses USING btree (item_id);


--
-- Name: expenses_expenses_user_id_ee8d5f81; Type: INDEX; Schema: public; Owner: expenses_control_user
--

CREATE INDEX expenses_expenses_user_id_ee8d5f81 ON public.expenses_expenses USING btree (user_id);


--
-- Name: item_item_user_id_e560bb04; Type: INDEX; Schema: public; Owner: expenses_control_user
--

CREATE INDEX item_item_user_id_e560bb04 ON public.item_item USING btree (user_id);


--
-- Name: unique; Type: INDEX; Schema: public; Owner: expenses_control_user
--

CREATE UNIQUE INDEX "unique" ON public.item_item USING btree (lower((name)::text), user_id);


--
-- Name: user_user_groups_group_id_c57f13c0; Type: INDEX; Schema: public; Owner: expenses_control_user
--

CREATE INDEX user_user_groups_group_id_c57f13c0 ON public.user_user_groups USING btree (group_id);


--
-- Name: user_user_groups_user_id_13f9a20d; Type: INDEX; Schema: public; Owner: expenses_control_user
--

CREATE INDEX user_user_groups_user_id_13f9a20d ON public.user_user_groups USING btree (user_id);


--
-- Name: user_user_user_permissions_permission_id_ce49d4de; Type: INDEX; Schema: public; Owner: expenses_control_user
--

CREATE INDEX user_user_user_permissions_permission_id_ce49d4de ON public.user_user_user_permissions USING btree (permission_id);


--
-- Name: user_user_user_permissions_user_id_31782f58; Type: INDEX; Schema: public; Owner: expenses_control_user
--

CREATE INDEX user_user_user_permissions_user_id_31782f58 ON public.user_user_user_permissions USING btree (user_id);


--
-- Name: user_user_username_e2bdfe0c_like; Type: INDEX; Schema: public; Owner: expenses_control_user
--

CREATE INDEX user_user_username_e2bdfe0c_like ON public.user_user USING btree (username varchar_pattern_ops);


--
-- Name: auth_group_permissions auth_group_permissio_permission_id_84c5c92e_fk_auth_perm; Type: FK CONSTRAINT; Schema: public; Owner: expenses_control_user
--

ALTER TABLE ONLY public.auth_group_permissions
    ADD CONSTRAINT auth_group_permissio_permission_id_84c5c92e_fk_auth_perm FOREIGN KEY (permission_id) REFERENCES public.auth_permission(id) DEFERRABLE INITIALLY DEFERRED;


--
-- Name: auth_group_permissions auth_group_permissions_group_id_b120cbf9_fk_auth_group_id; Type: FK CONSTRAINT; Schema: public; Owner: expenses_control_user
--

ALTER TABLE ONLY public.auth_group_permissions
    ADD CONSTRAINT auth_group_permissions_group_id_b120cbf9_fk_auth_group_id FOREIGN KEY (group_id) REFERENCES public.auth_group(id) DEFERRABLE INITIALLY DEFERRED;


--
-- Name: auth_permission auth_permission_content_type_id_2f476e4b_fk_django_co; Type: FK CONSTRAINT; Schema: public; Owner: expenses_control_user
--

ALTER TABLE ONLY public.auth_permission
    ADD CONSTRAINT auth_permission_content_type_id_2f476e4b_fk_django_co FOREIGN KEY (content_type_id) REFERENCES public.django_content_type(id) DEFERRABLE INITIALLY DEFERRED;


--
-- Name: authtoken_token authtoken_token_user_id_35299eff_fk_user_user_id; Type: FK CONSTRAINT; Schema: public; Owner: expenses_control_user
--

ALTER TABLE ONLY public.authtoken_token
    ADD CONSTRAINT authtoken_token_user_id_35299eff_fk_user_user_id FOREIGN KEY (user_id) REFERENCES public.user_user(id) DEFERRABLE INITIALLY DEFERRED;


--
-- Name: django_admin_log django_admin_log_content_type_id_c4bce8eb_fk_django_co; Type: FK CONSTRAINT; Schema: public; Owner: expenses_control_user
--

ALTER TABLE ONLY public.django_admin_log
    ADD CONSTRAINT django_admin_log_content_type_id_c4bce8eb_fk_django_co FOREIGN KEY (content_type_id) REFERENCES public.django_content_type(id) DEFERRABLE INITIALLY DEFERRED;


--
-- Name: django_admin_log django_admin_log_user_id_c564eba6_fk_user_user_id; Type: FK CONSTRAINT; Schema: public; Owner: expenses_control_user
--

ALTER TABLE ONLY public.django_admin_log
    ADD CONSTRAINT django_admin_log_user_id_c564eba6_fk_user_user_id FOREIGN KEY (user_id) REFERENCES public.user_user(id) DEFERRABLE INITIALLY DEFERRED;


--
-- Name: expenses_expenses expenses_expenses_item_id_b0e9ac90_fk_item_item_id; Type: FK CONSTRAINT; Schema: public; Owner: expenses_control_user
--

ALTER TABLE ONLY public.expenses_expenses
    ADD CONSTRAINT expenses_expenses_item_id_b0e9ac90_fk_item_item_id FOREIGN KEY (item_id) REFERENCES public.item_item(id) DEFERRABLE INITIALLY DEFERRED;


--
-- Name: expenses_expenses expenses_expenses_user_id_ee8d5f81_fk_user_user_id; Type: FK CONSTRAINT; Schema: public; Owner: expenses_control_user
--

ALTER TABLE ONLY public.expenses_expenses
    ADD CONSTRAINT expenses_expenses_user_id_ee8d5f81_fk_user_user_id FOREIGN KEY (user_id) REFERENCES public.user_user(id) DEFERRABLE INITIALLY DEFERRED;


--
-- Name: item_item item_item_user_id_e560bb04_fk_user_user_id; Type: FK CONSTRAINT; Schema: public; Owner: expenses_control_user
--

ALTER TABLE ONLY public.item_item
    ADD CONSTRAINT item_item_user_id_e560bb04_fk_user_user_id FOREIGN KEY (user_id) REFERENCES public.user_user(id) DEFERRABLE INITIALLY DEFERRED;


--
-- Name: user_user_groups user_user_groups_group_id_c57f13c0_fk_auth_group_id; Type: FK CONSTRAINT; Schema: public; Owner: expenses_control_user
--

ALTER TABLE ONLY public.user_user_groups
    ADD CONSTRAINT user_user_groups_group_id_c57f13c0_fk_auth_group_id FOREIGN KEY (group_id) REFERENCES public.auth_group(id) DEFERRABLE INITIALLY DEFERRED;


--
-- Name: user_user_groups user_user_groups_user_id_13f9a20d_fk_user_user_id; Type: FK CONSTRAINT; Schema: public; Owner: expenses_control_user
--

ALTER TABLE ONLY public.user_user_groups
    ADD CONSTRAINT user_user_groups_user_id_13f9a20d_fk_user_user_id FOREIGN KEY (user_id) REFERENCES public.user_user(id) DEFERRABLE INITIALLY DEFERRED;


--
-- Name: user_user_user_permissions user_user_user_permi_permission_id_ce49d4de_fk_auth_perm; Type: FK CONSTRAINT; Schema: public; Owner: expenses_control_user
--

ALTER TABLE ONLY public.user_user_user_permissions
    ADD CONSTRAINT user_user_user_permi_permission_id_ce49d4de_fk_auth_perm FOREIGN KEY (permission_id) REFERENCES public.auth_permission(id) DEFERRABLE INITIALLY DEFERRED;


--
-- Name: user_user_user_permissions user_user_user_permissions_user_id_31782f58_fk_user_user_id; Type: FK CONSTRAINT; Schema: public; Owner: expenses_control_user
--

ALTER TABLE ONLY public.user_user_user_permissions
    ADD CONSTRAINT user_user_user_permissions_user_id_31782f58_fk_user_user_id FOREIGN KEY (user_id) REFERENCES public.user_user(id) DEFERRABLE INITIALLY DEFERRED;


--
-- PostgreSQL database dump complete
--

